,precision,recall,f1-score,support
354,0.0,0.0,0.0,1.0
524,0.0,0.0,0.0,1.0
934,0.0,0.0,0.0,1.0
1109,0.0,0.0,0.0,1.0
1168,0.0,0.0,0.0,1.0
1170,0.0,0.0,0.0,1.0
1195,0.0,0.0,0.0,1.0
1197,0.0,0.0,0.0,1.0
1228,0.0,0.0,0.0,1.0
1270,0.0,0.0,0.0,1.0
1361,0.0,0.0,0.0,1.0
1506,0.0,0.0,0.0,1.0
2022,0.0,0.0,0.0,1.0
2201,0.0,0.0,0.0,1.0
2854,0.0,0.0,0.0,1.0
3076,0.0,0.0,0.0,1.0
3155,0.0,0.0,0.0,1.0
3177,0.0,0.0,0.0,1.0
3185,0.0,0.0,0.0,1.0
3186,0.0,0.0,0.0,3.0
3195,0.0,0.0,0.0,1.0
3215,0.0,0.0,0.0,1.0
3595,0.0,0.0,0.0,1.0
4135,0.0,0.0,0.0,1.0
4289,0.0,0.0,0.0,1.0
4327,0.0,0.0,0.0,1.0
4422,0.0,0.0,0.0,1.0
4436,0.0,0.0,0.0,1.0
4445,0.0,0.0,0.0,1.0
4457,0.0,0.0,0.0,1.0
4687,0.0,0.0,0.0,1.0
4702,0.0,0.0,0.0,1.0
4704,0.0,0.0,0.0,1.0
4707,0.0,0.0,0.0,1.0
4712,0.0,0.0,0.0,3.0
4720,0.0,0.0,0.0,2.0
4727,0.0,0.0,0.0,2.0
4736,0.0,0.0,0.0,1.0
4747,0.0,0.0,0.0,1.0
4799,0.0,0.0,0.0,4.0
4819,0.0,0.0,0.0,1.0
4827,0.0,0.0,0.0,1.0
4985,0.0,0.0,0.0,1.0
4987,0.0,0.0,0.0,1.0
5017,0.0,0.0,0.0,1.0
5069,0.0,0.0,0.0,1.0
5087,0.0,0.0,0.0,1.0
5105,0.0,0.0,0.0,1.0
5122,0.0,0.0,0.0,1.0
5125,0.0,0.0,0.0,1.0
5153,0.0,0.0,0.0,1.0
5165,0.0,0.0,0.0,1.0
5180,0.0,0.0,0.0,1.0
5466,0.0,0.0,0.0,1.0
5557,0.0,0.0,0.0,1.0
5565,0.0,0.0,0.0,1.0
5569,0.0,0.0,0.0,1.0
5575,0.0,0.0,0.0,1.0
5577,0.0,0.0,0.0,1.0
5734,0.0,0.0,0.0,1.0
5754,0.0,0.0,0.0,1.0
5879,0.0,0.0,0.0,1.0
5941,0.0,0.0,0.0,1.0
6025,0.0,0.0,0.0,1.0
6055,0.0,0.0,0.0,2.0
6060,0.0,0.0,0.0,2.0
6064,0.0,0.0,0.0,1.0
6066,0.0,0.0,0.0,1.0
6067,0.0,0.0,0.0,1.0
6079,0.0,0.0,0.0,1.0
6083,0.0,0.0,0.0,1.0
6084,0.0,0.0,0.0,1.0
6102,0.01903114186851211,0.8461538461538461,0.03722504230118443,13.0
6103,0.0,0.0,0.0,1.0
6113,0.0,0.0,0.0,2.0
6117,0.0,0.0,0.0,2.0
6128,0.0,0.0,0.0,1.0
6140,0.0,0.0,0.0,2.0
6144,0.0,0.0,0.0,1.0
6147,0.0,0.0,0.0,2.0
6160,0.0,0.0,0.0,2.0
6168,0.0,0.0,0.0,1.0
6178,0.0,0.0,0.0,3.0
6182,0.0,0.0,0.0,3.0
6183,0.0,0.0,0.0,1.0
6185,0.0,0.0,0.0,6.0
6198,0.0,0.0,0.0,1.0
6211,0.0,0.0,0.0,1.0
6214,0.0,0.0,0.0,3.0
6215,0.0,0.0,0.0,1.0
6230,0.0,0.0,0.0,1.0
6279,0.0,0.0,0.0,1.0
6339,0.0,0.0,0.0,1.0
6370,0.0,0.0,0.0,1.0
6659,0.0,0.0,0.0,1.0
6690,0.0,0.0,0.0,1.0
6699,0.0,0.0,0.0,1.0
6954,0.0,0.0,0.0,1.0
6965,0.0,0.0,0.0,1.0
7024,0.0,0.0,0.0,1.0
7029,0.0,0.0,0.0,3.0
7057,0.0,0.0,0.0,1.0
7066,0.0,0.0,0.0,1.0
7075,0.0,0.0,0.0,2.0
7085,0.0,0.0,0.0,1.0
7088,0.0,0.0,0.0,1.0
7090,0.0,0.0,0.0,2.0
7209,0.0,0.0,0.0,1.0
7348,0.0,0.0,0.0,1.0
7389,0.0,0.0,0.0,1.0
7749,0.0,0.0,0.0,1.0
7869,0.0,0.0,0.0,1.0
8103,0.0,0.0,0.0,1.0
8104,0.0,0.0,0.0,1.0
8176,0.0,0.0,0.0,1.0
9259,0.0,0.0,0.0,1.0
10619,0.0,0.0,0.0,1.0
10928,0.0,0.0,0.0,1.0
11303,0.0,0.0,0.0,1.0
11353,0.0,0.0,0.0,1.0
11393,0.0,0.0,0.0,1.0
11404,0.0,0.0,0.0,1.0
11411,0.0,0.0,0.0,1.0
11415,0.0,0.0,0.0,1.0
11466,0.0,0.0,0.0,0.0
11471,0.0,0.0,0.0,1.0
11772,0.0,0.0,0.0,2.0
11776,0.0,0.0,0.0,1.0
11809,0.0,0.0,0.0,1.0
11838,0.0,0.0,0.0,1.0
12976,0.0,0.0,0.0,2.0
13004,0.0,0.0,0.0,1.0
13404,0.0,0.0,0.0,1.0
13702,0.0,0.0,0.0,1.0
13800,0.0,0.0,0.0,1.0
13810,0.0,0.0,0.0,5.0
13815,0.0,0.0,0.0,1.0
13867,0.0,0.0,0.0,1.0
14780,0.0,0.0,0.0,1.0
15463,0.0,0.0,0.0,1.0
15513,0.0,0.0,0.0,1.0
15537,0.0,0.0,0.0,1.0
15553,0.0,0.0,0.0,3.0
15554,0.0,0.0,0.0,1.0
15579,0.0,0.0,0.0,4.0
15583,0.0,0.0,0.0,3.0
15584,0.0,0.0,0.0,2.0
15586,0.0,0.0,0.0,1.0
15593,0.0,0.0,0.0,1.0
15597,0.0,0.0,0.0,9.0
15599,0.0,0.0,0.0,8.0
15613,0.0,0.0,0.0,1.0
15615,0.0,0.0,0.0,1.0
15626,0.0,0.0,0.0,1.0
15632,0.0,0.0,0.0,1.0
15635,0.0,0.0,0.0,1.0
15638,0.0,0.0,0.0,1.0
15898,0.0,0.0,0.0,1.0
15937,0.0,0.0,0.0,1.0
16214,0.0,0.0,0.0,1.0
16251,0.0,0.0,0.0,1.0
16306,0.0,0.0,0.0,1.0
16311,0.0,0.0,0.0,1.0
16327,0.0,0.0,0.0,1.0
16365,0.0,0.0,0.0,1.0
16386,0.0,0.0,0.0,1.0
16454,0.0,0.0,0.0,1.0
16511,0.0,0.0,0.0,1.0
16844,0.0,0.0,0.0,1.0
17274,0.0,0.0,0.0,1.0
17511,0.0,0.0,0.0,1.0
17619,0.0,0.0,0.0,1.0
17647,0.0,0.0,0.0,1.0
17854,0.0,0.0,0.0,1.0
18012,0.0,0.0,0.0,1.0
18371,0.0,0.0,0.0,2.0
18436,0.0,0.0,0.0,1.0
18966,0.0,0.0,0.0,1.0
19008,0.0,0.0,0.0,1.0
19023,0.0,0.0,0.0,1.0
19025,0.0,0.0,0.0,1.0
19204,0.0,0.0,0.0,1.0
19282,0.0,0.0,0.0,1.0
19380,0.0,0.0,0.0,1.0
19389,0.0,0.0,0.0,1.0
19797,0.0,0.0,0.0,1.0
19967,0.0,0.0,0.0,1.0
20091,0.0,0.0,0.0,1.0
20265,0.0,0.0,0.0,1.0
20310,0.0,0.0,0.0,2.0
20528,0.0,0.0,0.0,3.0
21633,0.0,0.0,0.0,1.0
21663,0.0,0.0,0.0,1.0
21943,0.0,0.0,0.0,1.0
22429,0.0,0.0,0.0,1.0
22513,0.0,0.0,0.0,1.0
22516,0.0,0.0,0.0,1.0
22583,0.0,0.0,0.0,1.0
22667,0.0,0.0,0.0,1.0
23035,0.0,0.0,0.0,1.0
23044,0.0,0.0,0.0,1.0
23046,0.0,0.0,0.0,2.0
23051,0.0,0.0,0.0,1.0
23054,0.0,0.0,0.0,1.0
23116,0.0,0.0,0.0,1.0
23157,0.0,0.0,0.0,1.0
23167,0.0,0.0,0.0,1.0
23218,0.0,0.0,0.0,2.0
23230,0.0,0.0,0.0,2.0
23232,0.0,0.0,0.0,1.0
23234,0.0,0.0,0.0,1.0
23247,0.0,0.0,0.0,6.0
23268,0.0,0.0,0.0,1.0
23277,0.0,0.0,0.0,1.0
23282,0.0,0.0,0.0,1.0
23302,0.0,0.0,0.0,1.0
23306,0.0,0.0,0.0,1.0
23320,0.0,0.0,0.0,1.0
23322,0.0,0.0,0.0,1.0
23324,0.0,0.0,0.0,3.0
23338,0.0,0.0,0.0,2.0
23341,0.0,0.0,0.0,1.0
23342,0.0,0.0,0.0,1.0
23344,0.0,0.0,0.0,2.0
23349,0.0,0.0,0.0,2.0
23363,0.0,0.0,0.0,6.0
23369,0.0,0.0,0.0,1.0
23374,0.0,0.0,0.0,1.0
23385,0.0,0.0,0.0,3.0
23387,0.0,0.0,0.0,5.0
23411,0.0,0.0,0.0,0.0
23424,0.0,0.0,0.0,1.0
23432,0.0,0.0,0.0,1.0
23434,0.0,0.0,0.0,1.0
23438,0.0,0.0,0.0,1.0
23445,0.0,0.0,0.0,1.0
23454,0.0,0.0,0.0,1.0
23463,0.0,0.0,0.0,1.0
23480,0.0,0.0,0.0,1.0
23482,0.0,0.0,0.0,1.0
23487,0.0,0.0,0.0,1.0
23554,0.0,0.0,0.0,2.0
23556,0.0,0.0,0.0,2.0
23558,0.0,0.0,0.0,1.0
23574,0.0,0.0,0.0,1.0
23577,0.0,0.0,0.0,1.0
23588,0.0,0.0,0.0,1.0
23592,0.0,0.0,0.0,1.0
23593,0.0,0.0,0.0,1.0
23600,0.0,0.0,0.0,1.0
23604,0.0,0.0,0.0,3.0
23633,0.0,0.0,0.0,1.0
23662,0.0,0.0,0.0,1.0
23669,0.0,0.0,0.0,1.0
23672,0.0,0.0,0.0,0.0
23680,0.0,0.0,0.0,1.0
23682,0.0,0.0,0.0,2.0
23683,0.0,0.0,0.0,2.0
23687,0.0,0.0,0.0,2.0
23712,0.0,0.0,0.0,1.0
23713,0.0,0.0,0.0,1.0
23753,0.0,0.0,0.0,1.0
23777,0.0,0.0,0.0,1.0
23796,0.0,0.0,0.0,2.0
23799,0.0,0.0,0.0,1.0
23822,0.0,0.0,0.0,1.0
23899,0.0,0.0,0.0,1.0
23989,0.0,0.0,0.0,1.0
24457,0.0,0.0,0.0,1.0
24474,0.0,0.0,0.0,1.0
24887,0.0,0.0,0.0,1.0
25636,0.0,0.0,0.0,1.0
26603,0.0,0.0,0.0,1.0
27051,0.0,0.0,0.0,1.0
27054,0.0,0.0,0.0,1.0
27636,0.0,0.0,0.0,1.0
27694,0.0,0.0,0.0,1.0
28447,0.0,0.0,0.0,1.0
29477,0.0,0.0,0.0,1.0
30094,0.0,0.0,0.0,1.0
30300,0.0,0.0,0.0,1.0
31648,0.0,0.0,0.0,1.0
32233,0.0,0.0,0.0,1.0
32328,0.0,0.0,0.0,1.0
32695,0.0,0.0,0.0,1.0
33077,0.0,0.0,0.0,1.0
34640,0.0,0.0,0.0,1.0
34667,0.0,0.0,0.0,1.0
34834,0.0,0.0,0.0,1.0
34895,0.0,0.0,0.0,1.0
34908,0.0,0.0,0.0,2.0
34912,0.0,0.0,0.0,1.0
34986,0.0,0.0,0.0,3.0
35029,0.0,0.0,0.0,1.0
35060,0.0,0.0,0.0,1.0
35065,0.0,0.0,0.0,2.0
35068,0.0,0.0,0.0,1.0
35069,0.0,0.0,0.0,1.0
35072,0.0,0.0,0.0,1.0
35077,0.0,0.0,0.0,1.0
35148,0.0,0.0,0.0,3.0
35183,0.0,0.0,0.0,1.0
35189,0.0,0.0,0.0,1.0
35231,0.0,0.0,0.0,1.0
35236,0.0,0.0,0.0,1.0
35259,0.0,0.0,0.0,3.0
35301,0.0,0.0,0.0,1.0
35359,0.0,0.0,0.0,1.0
35381,0.0,0.0,0.0,1.0
35408,0.0,0.0,0.0,1.0
35452,0.0,0.0,0.0,1.0
35474,0.0,0.0,0.0,1.0
35507,0.0,0.0,0.0,1.0
35517,0.0,0.0,0.0,1.0
35519,0.0,0.0,0.0,1.0
35527,0.0,0.0,0.0,2.0
35534,0.0,0.0,0.0,2.0
35543,0.0,0.0,0.0,1.0
35545,0.0,0.0,0.0,1.0
35553,0.0,0.0,0.0,2.0
35573,0.0,0.0,0.0,1.0
35577,0.0,0.0,0.0,1.0
35587,0.3333333333333333,0.5,0.4,2.0
35625,0.0,0.0,0.0,1.0
35648,0.0,0.0,0.0,1.0
35664,0.0,0.0,0.0,1.0
35680,0.0,0.0,0.0,1.0
35737,0.0,0.0,0.0,3.0
35753,0.0,0.0,0.0,1.0
35756,0.0,0.0,0.0,1.0
35764,0.0,0.0,0.0,1.0
35767,0.0,0.0,0.0,1.0
35793,0.0,0.0,0.0,1.0
35820,0.0,0.0,0.0,8.0
35828,0.0,0.0,0.0,1.0
35834,0.0,0.0,0.0,2.0
35845,0.0,0.0,0.0,1.0
35849,0.0,0.0,0.0,1.0
35868,0.0,0.0,0.0,1.0
35869,0.0,0.0,0.0,1.0
35875,0.0,0.0,0.0,2.0
35881,0.0,0.0,0.0,1.0
35885,0.0,0.0,0.0,1.0
35920,0.0,0.0,0.0,1.0
36186,0.0,0.0,0.0,1.0
36218,0.0,0.0,0.0,1.0
36219,0.0,0.0,0.0,1.0
36230,0.0,0.0,0.0,2.0
36235,0.0,0.0,0.0,1.0
36247,0.0,0.0,0.0,1.0
36382,0.0,0.0,0.0,1.0
36386,0.0,0.0,0.0,1.0
36712,0.0,0.0,0.0,1.0
36722,0.0,0.0,0.0,1.0
37164,0.0,0.0,0.0,1.0
37310,0.0,0.0,0.0,1.0
37807,0.0,0.0,0.0,1.0
38528,0.0,0.0,0.0,1.0
38537,0.0,0.0,0.0,1.0
38572,0.0,0.0,0.0,1.0
38615,0.0,0.0,0.0,1.0
38646,0.0,0.0,0.0,1.0
38657,0.0,0.0,0.0,1.0
38664,0.0,0.0,0.0,1.0
38668,0.0,0.0,0.0,1.0
38669,0.0,0.0,0.0,1.0
38673,0.0,0.0,0.0,1.0
38710,0.0,0.0,0.0,1.0
38715,0.0,0.0,0.0,3.0
38734,0.0,0.0,0.0,1.0
38764,0.0,0.0,0.0,1.0
38768,0.0,0.0,0.0,1.0
38782,0.0,0.0,0.0,1.0
38786,0.0,0.0,0.0,2.0
38796,0.0,0.0,0.0,1.0
38818,0.0,0.0,0.0,2.0
38833,0.0,0.0,0.0,1.0
38838,0.0,0.0,0.0,2.0
38865,0.0,0.0,0.0,1.0
38869,0.0,0.0,0.0,1.0
38872,0.0,0.0,0.0,1.0
38875,0.0,0.0,0.0,1.0
38883,0.0,0.0,0.0,1.0
38884,0.0,0.0,0.0,2.0
38953,0.0,0.0,0.0,1.0
38969,0.0,0.0,0.0,1.0
39168,0.0,0.0,0.0,1.0
39204,0.0,0.0,0.0,1.0
39386,0.0,0.0,0.0,1.0
39393,0.0,0.0,0.0,1.0
39408,0.0,0.0,0.0,3.0
39409,0.0,0.0,0.0,1.0
39410,0.0,0.0,0.0,2.0
39426,0.0,0.0,0.0,1.0
39431,0.0,0.0,0.0,1.0
39469,0.0,0.0,0.0,1.0
39471,0.0,0.0,0.0,1.0
39473,0.0,0.0,0.0,1.0
39526,0.0,0.0,0.0,1.0
39528,0.0,0.0,0.0,1.0
39544,0.0,0.0,0.0,1.0
39555,0.0,0.0,0.0,1.0
39558,0.0,0.0,0.0,2.0
39570,0.0,0.0,0.0,1.0
39578,0.0,0.0,0.0,5.0
39580,0.0,0.0,0.0,1.0
39606,0.0,0.0,0.0,1.0
39648,0.0,0.0,0.0,2.0
39657,0.0,0.0,0.0,2.0
39662,0.0,0.0,0.0,1.0
39663,0.0,0.0,0.0,2.0
39664,0.0,0.0,0.0,1.0
39666,0.0,0.0,0.0,3.0
39670,0.0,0.0,0.0,1.0
39671,0.0,0.0,0.0,10.0
39673,0.0,0.0,0.0,6.0
39675,0.0,0.0,0.0,1.0
39681,0.0,0.0,0.0,1.0
39695,0.0,0.0,0.0,3.0
39736,0.0,0.0,0.0,2.0
39741,0.0,0.0,0.0,1.0
39744,0.0,0.0,0.0,1.0
39745,0.0,0.0,0.0,1.0
39748,0.0,0.0,0.0,1.0
39749,0.0,0.0,0.0,1.0
39751,0.0,0.0,0.0,1.0
39755,0.0,0.0,0.0,1.0
39769,0.0,0.0,0.0,2.0
39771,0.0,0.0,0.0,1.0
39772,0.1,0.2,0.13333333333333333,5.0
39777,0.0,0.0,0.0,2.0
39786,0.0,0.0,0.0,5.0
39788,0.0,0.0,0.0,6.0
39797,0.0,0.0,0.0,1.0
39798,0.0,0.0,0.0,1.0
39803,0.0,0.0,0.0,1.0
39804,0.0,0.0,0.0,4.0
39813,0.0,0.0,0.0,1.0
39843,0.0,0.0,0.0,1.0
39878,0.0,0.0,0.0,1.0
39903,0.0,0.0,0.0,1.0
39906,0.0,0.0,0.0,1.0
39926,0.0,0.0,0.0,1.0
40126,0.0,0.0,0.0,1.0
40447,0.0,0.0,0.0,1.0
40518,0.0,0.0,0.0,1.0
40887,0.0,0.0,0.0,2.0
40902,0.0,0.0,0.0,1.0
40904,0.0,0.0,0.0,1.0
accuracy,0.020537124802527645,0.020537124802527645,0.020537124802527645,0.020537124802527645
macro avg,0.0010074932632557806,0.003443549768716806,0.0012707313488519326,633.0
weighted avg,0.0022339202384791847,0.020537124802527645,0.003081504291598838,633.0
